{
  "timestamp": "2025-12-04T12:49:49.724553",
  "summary": {
    "virtual_graph": {
      "total_queries": 25,
      "correct": 23,
      "accuracy": 0.92,
      "first_attempt_correct": 23,
      "first_attempt_rate": 0.92,
      "avg_time_ms": 1.669454574584961,
      "median_time_ms": 1.322031021118164,
      "p95_time_ms": 3.2749176025390625,
      "min_time_ms": 0.7119178771972656,
      "max_time_ms": 4.829883575439453
    },
    "neo4j": {}
  },
  "by_route": {
    "GREEN": {
      "virtual_graph": {
        "total_queries": 9,
        "correct": 8,
        "accuracy": 0.8888888888888888,
        "first_attempt_correct": 8,
        "first_attempt_rate": 0.8888888888888888,
        "avg_time_ms": 1.686361100938585,
        "median_time_ms": 1.1823177337646484,
        "p95_time_ms": 4.829883575439453,
        "min_time_ms": 0.7119178771972656,
        "max_time_ms": 4.829883575439453
      },
      "neo4j": {}
    },
    "YELLOW": {
      "virtual_graph": {
        "total_queries": 9,
        "correct": 9,
        "accuracy": 1.0,
        "first_attempt_correct": 9,
        "first_attempt_rate": 1.0,
        "avg_time_ms": 1.7973581949869792,
        "median_time_ms": 1.322031021118164,
        "p95_time_ms": 3.2749176025390625,
        "min_time_ms": 1.1119842529296875,
        "max_time_ms": 3.2749176025390625
      },
      "neo4j": {}
    },
    "RED": {
      "virtual_graph": {
        "total_queries": 7,
        "correct": 6,
        "accuracy": 0.8571428571428571,
        "first_attempt_correct": 6,
        "first_attempt_rate": 0.8571428571428571,
        "avg_time_ms": 1.4832701001848494,
        "median_time_ms": 1.645803451538086,
        "p95_time_ms": 2.3009777069091797,
        "min_time_ms": 0.7939338684082031,
        "max_time_ms": 2.3009777069091797
      },
      "neo4j": {}
    }
  },
  "results": [
    {
      "query_id": 1,
      "system": "virtual_graph",
      "correct": true,
      "first_attempt_correct": true,
      "execution_time_ms": 2.6559829711914062,
      "result_count": 1,
      "expected_count": 1.0,
      "match_type": "overlap_100.0%_prec_100.0%",
      "safety_limit_hit": false,
      "error": null,
      "handler_used": null
    },
    {
      "query_id": 2,
      "system": "virtual_graph",
      "correct": true,
      "first_attempt_correct": true,
      "execution_time_ms": 0.7119178771972656,
      "result_count": 49,
      "expected_count": 49.0,
      "match_type": "overlap_100.0%_prec_100.0%",
      "safety_limit_hit": false,
      "error": null,
      "handler_used": null
    },
    {
      "query_id": 3,
      "system": "virtual_graph",
      "correct": true,
      "first_attempt_correct": true,
      "execution_time_ms": 4.829883575439453,
      "result_count": 503,
      "expected_count": 503.0,
      "match_type": "overlap_100.0%_prec_100.0%",
      "safety_limit_hit": false,
      "error": null,
      "handler_used": null
    },
    {
      "query_id": 4,
      "system": "virtual_graph",
      "correct": true,
      "first_attempt_correct": true,
      "execution_time_ms": 1.416921615600586,
      "result_count": 27,
      "expected_count": 27.0,
      "match_type": "overlap_100.0%_prec_100.0%",
      "safety_limit_hit": false,
      "error": null,
      "handler_used": null
    },
    {
      "query_id": 5,
      "system": "virtual_graph",
      "correct": true,
      "first_attempt_correct": true,
      "execution_time_ms": 1.0042190551757812,
      "result_count": 1,
      "expected_count": 1.0,
      "match_type": "overlap_100.0%_prec_100.0%",
      "safety_limit_hit": false,
      "error": null,
      "handler_used": null
    },
    {
      "query_id": 6,
      "system": "virtual_graph",
      "correct": true,
      "first_attempt_correct": true,
      "execution_time_ms": 1.1823177337646484,
      "result_count": 0,
      "expected_count": 0.0,
      "match_type": "existence",
      "safety_limit_hit": false,
      "error": null,
      "handler_used": null
    },
    {
      "query_id": 7,
      "system": "virtual_graph",
      "correct": true,
      "first_attempt_correct": true,
      "execution_time_ms": 1.2791156768798828,
      "result_count": 0,
      "expected_count": 0.0,
      "match_type": "existence",
      "safety_limit_hit": false,
      "error": null,
      "handler_used": null
    },
    {
      "query_id": 8,
      "system": "virtual_graph",
      "correct": false,
      "first_attempt_correct": false,
      "execution_time_ms": 1.1320114135742188,
      "result_count": 100,
      "expected_count": 100.0,
      "match_type": "overlap_31.0%_prec_31.0%",
      "safety_limit_hit": false,
      "error": null,
      "handler_used": null
    },
    {
      "query_id": 9,
      "system": "virtual_graph",
      "correct": true,
      "first_attempt_correct": true,
      "execution_time_ms": 0.9648799896240234,
      "result_count": 0,
      "expected_count": 0.0,
      "match_type": "existence",
      "safety_limit_hit": false,
      "error": null,
      "handler_used": null
    },
    {
      "query_id": 10,
      "system": "virtual_graph",
      "correct": true,
      "first_attempt_correct": true,
      "execution_time_ms": 3.2749176025390625,
      "result_count": 26,
      "expected_count": 26.0,
      "match_type": "overlap_100.0%_prec_100.0%",
      "safety_limit_hit": false,
      "error": null,
      "handler_used": "traverse"
    },
    {
      "query_id": 11,
      "system": "virtual_graph",
      "correct": true,
      "first_attempt_correct": true,
      "execution_time_ms": 1.8544197082519531,
      "result_count": 4,
      "expected_count": 4.0,
      "match_type": "overlap_100.0%_prec_100.0%",
      "safety_limit_hit": false,
      "error": null,
      "handler_used": "traverse"
    },
    {
      "query_id": 12,
      "system": "virtual_graph",
      "correct": true,
      "first_attempt_correct": true,
      "execution_time_ms": 2.3260116577148438,
      "result_count": 4,
      "expected_count": 4.0,
      "match_type": "overlap_100.0%_prec_100.0%",
      "safety_limit_hit": false,
      "error": null,
      "handler_used": "traverse"
    },
    {
      "query_id": 13,
      "system": "virtual_graph",
      "correct": true,
      "first_attempt_correct": true,
      "execution_time_ms": 1.317739486694336,
      "result_count": 0,
      "expected_count": 1024.0,
      "match_type": "safety_limit",
      "safety_limit_hit": true,
      "error": "SubgraphTooLarge: Query would touch ~65,629 nodes (limit: 10,000). Consider adding filters or reducing depth.",
      "handler_used": null
    },
    {
      "query_id": 14,
      "system": "virtual_graph",
      "correct": true,
      "first_attempt_correct": true,
      "execution_time_ms": 1.2400150299072266,
      "result_count": 0,
      "expected_count": 64.0,
      "match_type": "safety_limit",
      "safety_limit_hit": true,
      "error": "SubgraphTooLarge: Query would touch ~42,931 nodes (limit: 10,000). Consider adding filters or reducing depth.",
      "handler_used": null
    },
    {
      "query_id": 15,
      "system": "virtual_graph",
      "correct": true,
      "first_attempt_correct": true,
      "execution_time_ms": 1.2049674987792969,
      "result_count": 0,
      "expected_count": 182.0,
      "match_type": "safety_limit",
      "safety_limit_hit": true,
      "error": "SubgraphTooLarge: Query would touch ~24,786 nodes (limit: 10,000). Consider adding filters or reducing depth.",
      "handler_used": null
    },
    {
      "query_id": 16,
      "system": "virtual_graph",
      "correct": true,
      "first_attempt_correct": true,
      "execution_time_ms": 2.524137496948242,
      "result_count": 13,
      "expected_count": 13.0,
      "match_type": "overlap_100.0%_prec_100.0%",
      "safety_limit_hit": false,
      "error": null,
      "handler_used": "traverse"
    },
    {
      "query_id": 17,
      "system": "virtual_graph",
      "correct": true,
      "first_attempt_correct": true,